apple,beer,eggs,glue,ham,ice,juice,
apple,beer,eggs,fish,ice,
apple,beer,carrots,diapers,glue,ice,juice,
beer,carrots,diapers,eggs,glue,ham,juice,
apple,diapers,eggs,glue,ice,
apple,beer,eggs,glue,ham,
apple,beer,carrots,diapers,eggs,glue,ice,
apple,carrots,eggs,fish,glue,ham,juice,
apple,carrots,diapers,glue,ham,ice,juice,
apple,carrots,fish,ham,ice,
apple,beer,eggs,glue,juice,
apple,beer,carrots,fish,glue,ice,juice,
apple,beer,carrots,diapers,eggs,ham,juice,
apple,beer,carrots,eggs,fish,glue,juice,
carrots,diapers,eggs,fish,glue,ham,ice,
carrots,diapers,fish,glue,ham,ice,juice,
apple,beer,diapers,fish,glue,ham,ice,
apple,beer,carrots,eggs,glue,ham,juice,
beer,carrots,eggs,fish,glue,ice,juice,
apple,beer,carrots,diapers,fish,ham,juice,
